title,address,latitude,longitude,city,state,postal_code,price,facts and features,real estate provider,url
New Construction,740 Abernathy Rd NE # EWXJWP,33.937569,-84.365104,Sandy Springs,GA,30328,"$1,099,900+","3 bds , 3.5 ba , 4,193+ sqft",,https://www.zillow.com/community/aria/2094935237_zpid/
Condo For Sale,795 Hammond Dr APT 711,33.917487,-84.3594,Sandy Springs,GA,30328,"$115,000","1 bd , 1 ba , 541 sqft",NATHANS REALTY,https://www.zillow.com/homedetails/795-Hammond-Dr-APT-711-Sandy-Springs-GA-30328/2090287260_zpid/
Condo For Sale,795 Hammond Dr APT 2305,33.917487,-84.3594,Sandy Springs,GA,30328,"$269,000","2 bds , 2 ba , 1,309 sqft",NATHANS REALTY,https://www.zillow.com/homedetails/795-Hammond-Dr-APT-2305-Sandy-Springs-GA-30328/2090287435_zpid/
Condo For Sale,795 Hammond Dr APT 1901,33.917487,-84.3594,Sandy Springs,GA,30328,"$196,000","2 bds , 1 ba , 975 sqft",NATHANS REALTY,https://www.zillow.com/homedetails/795-Hammond-Dr-APT-1901-Sandy-Springs-GA-30328/2090287361_zpid/
Condo For Sale,795 Hammond Dr APT 810,33.917487,-84.3594,Sandy Springs,GA,30328,"$105,000","1 bd , 1 ba , 447 sqft",NATHANS REALTY,https://www.zillow.com/homedetails/795-Hammond-Dr-APT-810-Sandy-Springs-GA-30328/2090287360_zpid/
Condo For Sale,795 Hammond Dr APT 1111,33.917487,-84.3594,Sandy Springs,GA,30328,"$123,000","1 bd , 1 ba , 541 sqft",NATHANS REALTY,https://www.zillow.com/homedetails/795-Hammond-Dr-APT-1111-Sandy-Springs-GA-30328/2090287493_zpid/
Condo For Sale,725 Dalrymple Rd UNIT 8I,33.954471,-84.363731,ATLANTA,GA,30328,"$109,900","2 bds , 2 ba , 1,094 sqft",Weichert Realtors Cara and Assoc.,https://www.zillow.com/homedetails/725-Dalrymple-Rd-UNIT-8I-Atlanta-GA-30328/35925908_zpid/
Townhouse For Sale,6900 Roswell Rd APT E1,33.943094,-84.374337,Atlanta,GA,30328,"$195,000","3 bds , 3 ba , 1,434 sqft",EXP Realty LLC,https://www.zillow.com/homedetails/6900-Roswell-Rd-APT-E1-Atlanta-GA-30328/2090287629_zpid/
House For Sale,850 Glenairy Dr,33.925378,-84.364583,Sandy springs,GA,30328,"$1,500,000","5 bds , 6 ba , 6,950 sqft",KELLER WILLIAMS REALTY ATL NORTH,https://www.zillow.com/homedetails/850-Glenairy-Dr-Sandy-Springs-GA-30328/35926200_zpid/
House For Sale,6405 Colebridge Rd,33.930115,-84.394649,SANDY SPRINGS,GA,30328,"$459,900","3 bds , 3 ba , 1,521 sqft",Atlanta Fine Homes Sotheby's International Realty,https://www.zillow.com/homedetails/6405-Colebridge-Rd-Sandy-Springs-GA-30328/35904230_zpid/
Coming Soon,7265 Village Creek Trce,33.953411,-84.355192,SANDY SPRINGS,GA,30328,"$419,000","4 bds , 4 ba , 2,500 sqft",,https://www.zillow.com/homedetails/7265-Village-Creek-Trce-Sandy-Springs-GA-30328/65465752_zpid/
New Construction,5725 Winterthur Ln,33.914224,-84.434756,Sandy springs,GA,30328,"$2,225,000","8 bds , 8 ba , 7,800 sqft",Muffley & Associates,https://www.zillow.com/homedetails/5725-Winterthur-Ln-Sandy-Springs-GA-30328/35919305_zpid/
Townhouse For Sale,6520 Roswell Rd UNIT 35,33.933091,-84.380821,Atlanta,GA,30328,"$179,900","3 bds , 3 ba , 1,534 sqft",,https://www.zillow.com/homedetails/6520-Roswell-Rd-UNIT-35-Atlanta-GA-30328/2090304794_zpid/
New Construction,2009 Wheaton Way # U3ONVV,33.914116,-84.383711,Sandy Springs,GA,30328,"$613,990+","4 bds , 4 ba , 2,900+ sqft",,https://www.zillow.com/community/atwater/2091462182_zpid/
House For Sale,1165 Winding Creek Trl,33.92768,-84.40738,ATLANTA,GA,30328,"$500,000","5 bds , 4 ba , 4,190 sqft",,https://www.zillow.com/homedetails/1165-Winding-Creek-Trl-Atlanta-GA-30328/35912640_zpid/
Townhouse For Sale,980 Bergeron Pl,33.93332,-84.35897,Atlanta,GA,30328,"$465,000","4 bds , 4 ba , 2,352 sqft",,https://www.zillow.com/homedetails/980-Bergeron-Pl-Atlanta-GA-30328/2099585901_zpid/
Townhouse For Sale,6520 Road # 35,33.9314,-84.3763,Atlanta,GA,30328,"$179,900","3 bds , 3 ba , 1,534 sqft",,https://www.zillow.com/homedetails/6520-Road-35-Atlanta-GA-30328/55018499_zpid/
House For Sale,605 Dalrymple Rd,33.955489,-84.366563,SANDY SPRINGS,GA,30328,"$459,900","6 bds , 3 ba , 3,604 sqft","Good Shepherd Realty, LLC",https://www.zillow.com/homedetails/605-Dalrymple-Rd-Sandy-Springs-GA-30328/35925910_zpid/
Condo For Sale,6980 Roswell Rd UNIT A4,33.945119,-84.372969,Atlanta,GA,30328,"$240,000","3 bds , 3 ba , 1,632 sqft",Atlantic West Properties LLC,https://www.zillow.com/homedetails/6980-Roswell-Rd-UNIT-A4-Atlanta-GA-30328/98001982_zpid/
New Construction,2009 Wheaton Way # RX0RLM,33.914116,-84.383711,Sandy Springs,GA,30328,"$581,990+","4 bds , 4 ba , 3,050+ sqft",,https://www.zillow.com/community/atwater/2091711654_zpid/
House For Sale,15 Old Vermont Pl,33.920842,-84.422103,Atlanta,GA,30328,"$1,575,000","6 bds , 9 ba , 6,216 sqft",,https://www.zillow.com/homedetails/15-Old-Vermont-Pl-Atlanta-GA-30328/2090338641_zpid/
Condo For Sale,6940 Roswell Rd UNIT F23,33.944156,-84.373199,ATLANTA,GA,30328,"$120,000","1 bd , 2 ba , 1,000 sqft",Mark Spain Real Estate,https://www.zillow.com/homedetails/6940-Roswell-Rd-UNIT-F23-Atlanta-GA-30328/69370338_zpid/
Townhouse For Sale,901 Abernathy Rd APT 2210,33.932684,-84.3611,SANDY SPRINGS,GA,30328,"$275,500","2 bds , 2 ba , 1,002 sqft",,https://www.zillow.com/homedetails/901-Abernathy-Rd-APT-2210-Sandy-Springs-GA-30328/112087177_zpid/
Condo For Sale,346 Drive # 17,33.9314,-84.3763,Atlanta,GA,30328,"$169,900","2 bds , 2 ba , 1,152 sqft",Berkshire Hathaway HomeServices Georgia Properties - Dunwoody Sandy Springs,https://www.zillow.com/homedetails/346-Drive-17-Atlanta-GA-30328/55018370_zpid/
New Construction,740 Abernathy Rd NE # TG6P8W,33.937569,-84.365104,Sandy Springs,GA,30328,"$699,900+","3 bds , 4 ba , 3,576+ sqft",,https://www.zillow.com/community/aria/2091174279_zpid/
House For Sale,5790 Riverwood Dr,33.924254,-84.397545,SANDY SPRINGS,GA,30328,"$755,000","4 bds , 4 ba , 3,273 sqft","Skylan Realty, LLC",https://www.zillow.com/homedetails/5790-Riverwood-Dr-Sandy-Springs-GA-30328/35905818_zpid/
House For Sale,6311 Hunting Creek Rd,33.926056,-84.375051,Sandy Springs,GA,30328,"$425,000","4 bds , 3 ba , 2,817 sqft",,https://www.zillow.com/homedetails/6311-Hunting-Creek-Rd-Sandy-Springs-GA-30328/2146342955_zpid/
Condo For Sale,346 Carpenter Dr,33.913765,-84.376377,Atlanta,GA,30328,"$169,900","2 bds , 2 ba , 1,152 sqft",Berkshire Hathaway HomeServices Georgia Properties - Dunwoody Sandy Springs,https://www.zillow.com/homedetails/346-Carpenter-Dr-Atlanta-GA-30328/2103140567_zpid/
House For Sale,6311 Hunting Creek Rd NE,33.927378,-84.375094,Sandy Springs,GA,30328,"$425,000","4 bds , 3 ba , 2,817 sqft",,https://www.zillow.com/homedetails/6311-Hunting-Creek-Rd-NE-Sandy-Springs-GA-30328/2144721662_zpid/
House For Sale,6260 River Overlook Dr,33.928361,-84.419125,ATLANTA,GA,30328,"$669,000","4 bds , 5 ba , 4,159 sqft",,https://www.zillow.com/homedetails/6260-River-Overlook-Dr-Atlanta-GA-30328/35912805_zpid/
House For Sale,5830 Kayron Dr,33.9141,-84.373299,ATLANTA,GA,30328,"$529,900","4 bds , 3 ba , 2,295 sqft",,https://www.zillow.com/homedetails/5830-Kayron-Dr-Atlanta-GA-30328/35935544_zpid/
New Construction,740 Abernathy Rd NE # H139LC,33.937569,-84.365104,Sandy Springs,GA,30328,"$684,900+","2 bds , 3 ba , 3,085+ sqft",,https://www.zillow.com/community/aria/2090530253_zpid/
Townhouse For Sale,7325 Highland Blf,33.952067,-84.365717,ATLANTA,GA,30328,"$360,000","3 bds , 4 ba , 1,524 sqft",,https://www.zillow.com/homedetails/7325-Highland-Blf-Atlanta-GA-30328/123479215_zpid/
House For Sale,110 Bowline Cir,33.943217,-84.398668,SANDY SPRINGS,GA,30328,"$650,000","5 bds , 5 ba , 3,914 sqft",Berkshire Hathaway HomeServices Georgia Properties - Dunwoody Sandy Springs,https://www.zillow.com/homedetails/110-Bowline-Cir-Sandy-Springs-GA-30328/35905107_zpid/
Condo For Sale,246 Le Gran Bnd,33.91885,-84.383389,ATLANTA,GA,30328,"$339,900","2 bds , 3 ba , 1,648 sqft",RE/MAX Metro Atlanta Cityside,https://www.zillow.com/homedetails/246-Le-Gran-Bnd-Atlanta-GA-30328/71753044_zpid/
Condo For Sale,795 Drive # 1712,33.9187,-84.359,Sandy Springs,GA,30328,"$159,800","1 bd , 1 ba , 769 sqft",Atlanta Communities,https://www.zillow.com/homedetails/795-Drive-1712-Sandy-Springs-GA-30328/55017867_zpid/
House For Sale,375 Crosstree Ln,33.94352,-84.401484,ATLANTA,GA,30328,"$749,000","5 bds , 6 ba , 5,024 sqft",Atlanta Neighborhood Realty,https://www.zillow.com/homedetails/375-Crosstree-Ln-Atlanta-GA-30328/35905116_zpid/
Condo For Sale,1603 Brighton Pt,33.957068,-84.366748,ATLANTA,GA,30328,"$185,000","2 bds , 2 ba , 1,425 sqft",Coldwell Banker Residential Brokerage - Perimeter,https://www.zillow.com/homedetails/1603-Brighton-Pt-Atlanta-GA-30328/69383142_zpid/
House For Sale,490 Gerry Ln,33.914104,-84.37121,SANDY SPRINGS,GA,30328,"$539,000","4 bds , 3 ba , 2,988 sqft",Atlanta Communities,https://www.zillow.com/homedetails/490-Gerry-Ln-Sandy-Springs-GA-30328/35935485_zpid/
New Construction,2009 Wheaton Way # 2F1TKV,33.914116,-84.383711,Sandy Springs,GA,30328,"$597,990+","4 bds , 3 ba , 2,675+ sqft",,https://www.zillow.com/community/atwater/2096651304_zpid/
New Construction,740 Abernathy Rd NE # IJ0VHH,33.937569,-84.365104,Sandy Springs,GA,30328,"$999,900+","3 bds , 3.5 ba , 2,947+ sqft",,https://www.zillow.com/community/aria/2094925448_zpid/
Townhouse For Sale,751 Berrydale Dr,33.930921,-84.360266,Atlanta,GA,30328,"$279,900","2 bds , 2 ba , 1,160 sqft",Atlanta Fine Homes Sotheby's International Realty,https://www.zillow.com/homedetails/751-Berrydale-Dr-Atlanta-GA-30328/2090439079_zpid/
House For Sale,6400 Blackwater Trl,33.939562,-84.401198,ATLANTA,GA,30328,"$799,000","5 bds , 4 ba , 3,643 sqft",,https://www.zillow.com/homedetails/6400-Blackwater-Trl-Atlanta-GA-30328/35904950_zpid/
New Construction,740 Abernathy Rd NE # 3RKQY5,33.937569,-84.365104,Sandy Springs,GA,30328,"$344,900+","1 bd , 2 ba , 1,092+ sqft",,https://www.zillow.com/community/aria/2092589837_zpid/
New Construction,740 Abernathy Rd NE # CKUFX3,33.937569,-84.365104,Sandy Springs,GA,30328,"$409,900+","1 bd , 3 ba , 1,633+ sqft",,https://www.zillow.com/community/aria/2092589838_zpid/
New Construction,765 Old Post Rd,33.917692,-84.411404,ATLANTA,GA,30328,"$1,950,000","5 bds , 6 ba , 4,529 sqft",,https://www.zillow.com/homedetails/765-Old-Post-Rd-Atlanta-GA-30328/35912341_zpid/
Condo For Sale,6980 Roswell Rd UNIT M2,33.945119,-84.372969,Sandy Springs,GA,30328,"$276,000","3 bds , 3 ba , 1,633 sqft","BETTER HOMES GA PROPERTIES , LLC",https://www.zillow.com/homedetails/6980-Roswell-Rd-UNIT-M2-Sandy-Springs-GA-30328/97995708_zpid/
New Construction,2009 Wheaton Way # T6DKXK,33.914116,-84.383711,Sandy Springs,GA,30328,"$593,990+","4 bds , 4.5 ba , 3,200+ sqft",,https://www.zillow.com/community/atwater/2096324048_zpid/
House For Sale,630 Heards Ferry Rd,33.918591,-84.40799,SANDY SPRINGS,GA,30328,"$1,550,000","6 bds , 8 ba , 7,756 sqft",Atlanta Fine Homes Sotheby's International Realty,https://www.zillow.com/homedetails/630-Heards-Ferry-Rd-Sandy-Springs-GA-30328/55019740_zpid/
House For Sale,3000 River North Pkwy,33.949606,-84.396931,SANDY SPRINGS,GA,30328,"$699,000","5 bds , 5 ba , 4,480 sqft",Berkshire Hathaway HomeServices Georgia Properties - Midtown Office,https://www.zillow.com/homedetails/3000-River-North-Pkwy-Sandy-Springs-GA-30328/35904821_zpid/
House For Sale,930 Manchester Pl,33.915478,-84.391106,SANDY SPRINGS,GA,30328,"$560,000","4 bds , 4 ba , 4,181 sqft",EXP Realty LLC,https://www.zillow.com/homedetails/930-Manchester-Pl-Sandy-Springs-GA-30328/35903673_zpid/
House For Sale,6830 Sunny Brook Ln,33.941322,-84.379717,Sandy Springs,GA,30328,"$435,000","4 bds , 3 ba , 1,864 sqft",PalmerHouse Properties,https://www.zillow.com/homedetails/6830-Sunny-Brook-Ln-Sandy-Springs-GA-30328/35939380_zpid/
Condo For Sale,422 Jefferson Cir,33.946267,-84.363278,ATLANTA,GA,30328,"$415,000","3 bds , 3 ba , 2,100 sqft",Ansley Atlanta Real Estate,https://www.zillow.com/homedetails/422-Jefferson-Cir-Atlanta-GA-30328/35925969_zpid/
House For Sale,165 Windsor Cv,33.930137,-84.387433,SANDY SPRINGS,GA,30328,"$799,000","5 bds , 5 ba , 4,388 sqft",,https://www.zillow.com/homedetails/165-Windsor-Cv-Sandy-Springs-GA-30328/65470056_zpid/
New Construction,606 Esfun Trce,33.924366,-84.367172,Atlanta,GA,30328,"$995,000","5 bds , 5 ba , 3,868 sqft",,https://www.zillow.com/homedetails/606-Esfun-Trce-Atlanta-GA-30328/2090503395_zpid/
House For Sale,220 River Court Pkwy,33.945859,-84.391725,SANDY SPRINGS,GA,30328,"$725,000","4 bds , 6 ba , 6,000 sqft",,https://www.zillow.com/homedetails/220-River-Court-Pkwy-Sandy-Springs-GA-30328/35904836_zpid/
Condo For Sale,300 Halah Cir,33.917889,-84.364814,SANDY SPRINGS,GA,30328,"$429,900","3 bds , 3 ba , 1,764 sqft",Coldwell Banker Residential Brokerage - Buckhead West Paces Ferry,https://www.zillow.com/homedetails/300-Halah-Cir-Sandy-Springs-GA-30328/35926497_zpid/
House For Sale,275 Crosstree Ln,33.945426,-84.398029,SANDY SPRINGS,GA,30328,"$550,000","4 bds , 5 ba , 3,825 sqft",Dorsey Alston Realtors,https://www.zillow.com/homedetails/275-Crosstree-Ln-Sandy-Springs-GA-30328/35904575_zpid/
Condo For Sale,7150 Stonington Dr,33.948596,-84.372713,SANDY SPRINGS,GA,30328,"$190,000","2 bds , 3 ba , 1,474 sqft",Optimus Real Estate Brokers Inc,https://www.zillow.com/homedetails/7150-Stonington-Dr-Sandy-Springs-GA-30328/35937695_zpid/
Condo For Sale,901 Abernathy Rd APT 1170,33.932684,-84.3611,ATLANTA,GA,30328,"$264,900","2 bds , 2 ba , 1,002 sqft",Berkshire Hathaway HomeServices Georgia Properties - Buckhead Office,https://www.zillow.com/homedetails/901-Abernathy-Rd-APT-1170-Atlanta-GA-30328/112433331_zpid/
Condo For Sale,901 Abernathy Rd APT 5290,33.932684,-84.3611,ATLANTA,GA,30328,"$349,800","2 bds , 2 ba , 1,272 sqft",Virtual Properties Realty.com,https://www.zillow.com/homedetails/901-Abernathy-Rd-APT-5290-Atlanta-GA-30328/112087206_zpid/
Condo For Sale,6980 Roswell Rd UNIT M1,33.945119,-84.372969,Sandy Springs,GA,30328,"$279,900","3 bds , 3 ba , -- sqft","BETTER HOMES GA PROPERTIES , LLC",https://www.zillow.com/homedetails/6980-Roswell-Rd-UNIT-M1-Sandy-Springs-GA-30328/97992605_zpid/
House For Sale,720 Heards Ferry Rd,33.918666,-84.410405,SANDY SPRINGS,GA,30328,"$5,399,000","11 bds , 14 ba , 19,000 sqft",BEACHAM AND COMPANY REALTORS,https://www.zillow.com/homedetails/720-Heards-Ferry-Rd-Sandy-Springs-GA-30328/35912366_zpid/
Lot/Land For Sale,277 Mount Vernon Hwy NW LOT 2,33.924205,-84.377766,Sandy Springs,GA,30328,"$850,000",-- sqft lot,Coldwell Banker Residential Brokerage - Alpharetta/North Point,https://www.zillow.com/homedetails/277-Mount-Vernon-Hwy-NW-LOT-2-Sandy-Springs-GA-30328/2090564744_zpid/
House For Sale,570 Valley Ln,33.917986,-84.368058,SANDY SPRINGS,GA,30328,"$519,900","3 bds , 2 ba , 2,112 sqft",Berkshire Hathaway HomeServices Georgia Properties - Midtown Office,https://www.zillow.com/homedetails/570-Valley-Ln-Sandy-Springs-GA-30328/35935353_zpid/
Condo For Sale,725 Dalrymple Rd UNIT 5H,33.954471,-84.363731,SANDY SPRINGS,GA,30328,"$122,000","2 bds , 2 ba , 1,048 sqft",PalmerHouse Properties & Assoc,https://www.zillow.com/homedetails/725-Dalrymple-Rd-UNIT-5H-Sandy-Springs-GA-30328/35925883_zpid/
New Construction,3021 Eamont Ter,33.914116,-84.383711,Sandy Springs,GA,30328,"$685,650","4 bds , 4 ba , 2,900 sqft",,https://www.zillow.com/homedetails/3021-Eamont-Ter-Sandy-Springs-GA-30328/2090578899_zpid/
New Construction,3009 Eamont Ter,33.914116,-84.383711,Sandy Springs,GA,30328,"$691,510","4 bds , 4 ba , 2,900 sqft",,https://www.zillow.com/homedetails/3009-Eamont-Ter-Sandy-Springs-GA-30328/2090578897_zpid/
New Construction,2072 Wheaton Way,33.914116,-84.383711,Sandy Springs,GA,30328,"$698,000","4 bds , 4 ba , 3,050 sqft",,https://www.zillow.com/homedetails/2072-Wheaton-Way-Sandy-Springs-GA-30328/2090578902_zpid/
New Construction,2070 Wheaton Way,33.914116,-84.383711,Sandy Springs,GA,30328,"$679,740","4 bds , 4 ba , 3,050 sqft",,https://www.zillow.com/homedetails/2070-Wheaton-Way-Sandy-Springs-GA-30328/2090578896_zpid/
New Construction,3011 Eamont Ter,33.914116,-84.383711,Sandy Springs,GA,30328,"$690,745","4 bds , 4 ba , 2,900 sqft",,https://www.zillow.com/homedetails/3011-Eamont-Ter-Sandy-Springs-GA-30328/2090578898_zpid/
New Construction,2068 Wheaton Way,33.914116,-84.383711,Sandy Springs,GA,30328,"$675,115","4 bds , 4 ba , 3,050 sqft",,https://www.zillow.com/homedetails/2068-Wheaton-Way-Sandy-Springs-GA-30328/2090578901_zpid/
New Construction,3019 Eamont Ter,33.914116,-84.383711,Sandy Springs,GA,30328,"$686,975","4 bds , 4 ba , 2,900 sqft",,https://www.zillow.com/homedetails/3019-Eamont-Ter-Sandy-Springs-GA-30328/2090578900_zpid/
Townhouse For Sale,7390 Glisten Ave,33.953099,-84.365214,Atlanta,GA,30328,"$360,000","3 bds , 4 ba , 1,811 sqft",Chapman Hall Realtors Prof.,https://www.zillow.com/homedetails/7390-Glisten-Ave-Atlanta-GA-30328/2092931213_zpid/
New Construction,740 Abernathy Rd NE # CK52S4,33.937569,-84.365104,Sandy Springs,GA,30328,"$859,900+","4 bds , 3.5 ba , 3,682+ sqft",,https://www.zillow.com/community/aria/2094950499_zpid/
Townhouse For Sale,7390 Glisten Ave # 84,33.953099,-84.365214,ATLANTA,GA,30328,"$360,000","3 bds , 4 ba , 1,811 sqft",,https://www.zillow.com/homedetails/7390-Glisten-Ave-84-Atlanta-GA-30328/121352027_zpid/
House For Sale,487 Cambridge Way,33.957538,-84.373262,SANDY SPRINGS,GA,30328,"$579,000","4 bds , 5 ba , 2,923 sqft",,https://www.zillow.com/homedetails/487-Cambridge-Way-Sandy-Springs-GA-30328/35938028_zpid/
Lot/Land For Sale,300 Mark Trl,33.94441,-84.380391,Sandy Springs,GA,30328,"$349,000",1.10 ac lot,,https://www.zillow.com/homedetails/300-Mark-Trl-Sandy-Springs-GA-30328/2090595749_zpid/
House For Sale,775 Glenairy Dr,33.923294,-84.362288,ATLANTA,GA,30328,"$750,000","3 bds , 3 ba , 2,800 sqft",Dorsey Alston Realtors,https://www.zillow.com/homedetails/775-Glenairy-Dr-Atlanta-GA-30328/35926252_zpid/
Condo For Sale,795 Drive # 1710,33.9187,-84.359,Sandy Springs,GA,30328,"$106,900","1 bd , 1 ba , 447 sqft","Worldcap Solutions, LLC",https://www.zillow.com/homedetails/795-Drive-1710-Sandy-Springs-GA-30328/55017865_zpid/
House For Sale,6345 River Overlook Dr,33.928288,-84.415262,ATLANTA,GA,30328,"$800,000","4 bds , 4 ba , 2,853 sqft",,https://www.zillow.com/homedetails/6345-River-Overlook-Dr-Atlanta-GA-30328/35912695_zpid/
House For Sale,170 Marsh Glen Pt,33.94359,-84.39567,ATLANTA,GA,30328,"$599,000","4 bds , 4 ba , 3,758 sqft",,https://www.zillow.com/homedetails/170-Marsh-Glen-Pt-Atlanta-GA-30328/35904545_zpid/
House For Sale,200 Hunters Trace Ln,33.943922,-84.348491,SANDY SPRINGS,GA,30328,"$585,000","5 bds , 3 ba , 3,359 sqft",,https://www.zillow.com/homedetails/200-Hunters-Trace-Ln-Sandy-Springs-GA-30328/35919598_zpid/
New Construction,229 Belle Ln # 5,33.9136,-84.381,Sandy Springs,GA,30328,"$984,900","5 bds , 6 ba , 4,089 sqft",Engel & Volkers Buckhead Atl.,https://www.zillow.com/homedetails/229-Belle-Ln-5-Sandy-Springs-GA-30328/2090615278_zpid/
New Construction,6442 Canopy Dr,33.932597,-84.36738,Sandy Springs,GA,30328,"$415,800","2 bds , 3 ba , 1,600 sqft",,https://www.zillow.com/homedetails/6442-Canopy-Dr-Sandy-Springs-GA-30328/2090616831_zpid/
House For Sale,7445 Old Maine Trl,33.95847,-84.371759,SANDY SPRINGS,GA,30328,"$499,000","4 bds , 3 ba , 2,942 sqft",Dorsey Alston Realtors,https://www.zillow.com/homedetails/7445-Old-Maine-Trl-Sandy-Springs-GA-30328/35937973_zpid/
Condo For Sale,795 Drive # 413,33.9187,-84.359,Atlanta,GA,30328,"$219,777","2 bds , 2 ba , 1,109 sqft",RE/MAX Around Atlanta,https://www.zillow.com/homedetails/795-Drive-413-Atlanta-GA-30328/55017712_zpid/
House For Sale,6115 River Chase Cir,33.921072,-84.430607,ATLANTA,GA,30328,"$850,000","5 bds , 6 ba , 5,708 sqft",RE/MAX Around Atlanta,https://www.zillow.com/homedetails/6115-River-Chase-Cir-Atlanta-GA-30328/35919310_zpid/
Condo For Sale,5941 Reddington Way,33.918414,-84.384375,Sandy springs,GA,30328,"$465,000","3 bds , 4 ba , 2,600 sqft",,https://www.zillow.com/homedetails/5941-Reddington-Way-Sandy-Springs-GA-30328/65467674_zpid/
New Construction,740 Abernathy Rd NE # 86GWV0,33.937569,-84.365104,Sandy Springs,GA,30328,"$369,900+","1 bd , 2 ba , 1,121+ sqft",,https://www.zillow.com/community/aria/2092589836_zpid/
New Construction,6649 Cadence Blvd,33.9314,-84.3763,Sandy Springs,GA,30328,"$859,000","4 bds , 5 ba , 3,922 sqft",RE/MAX Around Atlanta,https://www.zillow.com/homedetails/6649-Cadence-Blvd-Sandy-Springs-GA-30328/2090633509_zpid/
Condo For Sale,7410 Glisten Ave,33.953112,-84.363978,ATLANTA,GA,30328,"$365,000","3 bds , 4 ba , 1,811 sqft",,https://www.zillow.com/homedetails/7410-Glisten-Ave-Atlanta-GA-30328/121352533_zpid/
Townhouse For Sale,7410 Glisten Ave # 7410,33.953044,-84.364644,Sandy Springs,GA,30328,"$365,000","3 bds , 4 ba , 1,811 sqft",,https://www.zillow.com/homedetails/7410-Glisten-Ave-7410-Sandy-Springs-GA-30328/2090634142_zpid/
New Construction,6649 Cadence Blvd # 6649,33.9314,-84.3763,Sandy Springs,GA,30328,"$859,000","4 bds , 5 ba , 3,922 sqft",RE/MAX AROUND ATLANTA REALTY,https://www.zillow.com/homedetails/6649-Cadence-Blvd-6649-Sandy-Springs-GA-30328/2090635411_zpid/
Townhouse For Sale,6520 Road # 9,33.9314,-84.3763,Atlanta,GA,30328,"$175,000","3 bds , 3 ba , 1,534 sqft","HOUSEITGOING, LLC",https://www.zillow.com/homedetails/6520-Road-9-Atlanta-GA-30328/55018473_zpid/
House For Sale,6480 River Chase Cir,33.921276,-84.424294,SANDY SPRINGS,GA,30328,"$1,000,000","6 bds , 6 ba , 6,217 sqft",,https://www.zillow.com/homedetails/6480-River-Chase-Cir-Sandy-Springs-GA-30328/35912967_zpid/
House For Sale,320 Landfall Rd,33.942446,-84.402741,SANDY SPRINGS,GA,30328,"$377,000","4 bds , 3 ba , 2,903 sqft",,https://www.zillow.com/homedetails/320-Landfall-Rd-Sandy-Springs-GA-30328/35905094_zpid/
Condo For Sale,901 Abernathy Rd APT 6130,33.932684,-84.3611,ATLANTA,GA,30328,"$267,500","2 bds , 2 ba , 1,002 sqft",,https://www.zillow.com/homedetails/901-Abernathy-Rd-APT-6130-Atlanta-GA-30328/112087211_zpid/
New Construction,2009 Wheaton Way # MTJ4C8,33.914116,-84.383711,Sandy Springs,GA,30328,"$617,990+","4 bds , 3.5 ba , 2,675+ sqft",,https://www.zillow.com/community/atwater/2096260019_zpid/
Condo For Sale,300 Francyne Ct,33.91814,-84.364413,SANDY SPRINGS,GA,30328,"$439,900","3 bds , 3 ba , 2,853 sqft",Coldwell Banker Residential Brokerage - Buckhead West Paces Ferry,https://www.zillow.com/homedetails/300-Francyne-Ct-Sandy-Springs-GA-30328/35926509_zpid/
House For Sale,150 N Mill Rd,33.943988,-84.391471,SANDY SPRINGS,GA,30328,"$675,000","4 bds , 4 ba , 3,800 sqft",,https://www.zillow.com/homedetails/150-N-Mill-Rd-Sandy-Springs-GA-30328/35904694_zpid/
New Construction,6709 Cadence Blvd,33.937509,-84.36242,Sandy Springs,GA,30328,"$359,900","1 bd , 2 ba , 1,092 sqft",,https://www.zillow.com/homedetails/6709-Cadence-Blvd-Sandy-Springs-GA-30328/2090694939_zpid/
House For Sale,145 Barnard Pl,33.938561,-84.392586,SANDY SPRINGS,GA,30328,"$689,900","5 bds , 5 ba , 5,500 sqft",RE/MAX PURE,https://www.zillow.com/homedetails/145-Barnard-Pl-Sandy-Springs-GA-30328/35904602_zpid/
New Construction,740 Abernathy Rd NE # PS1PAN,33.937569,-84.365104,Sandy Springs,GA,30328,"$569,900+","3 bds , 3.5 ba , 2,171+ sqft",,https://www.zillow.com/community/aria/2094950512_zpid/
House For Sale,435 Ferry Lndg,33.926206,-84.424938,SANDY SPRINGS,GA,30328,"$1,450,000","6 bds , 6 ba , 11,242 sqft",Coldwell Banker Residential Brokerage - Sandy Springs,https://www.zillow.com/homedetails/435-Ferry-Lndg-Sandy-Springs-GA-30328/35919400_zpid/
Condo For Sale,7110 Stonington Dr,33.948596,-84.372713,SANDY SPRINGS,GA,30328,"$229,900","3 bds , 3 ba , 1,794 sqft",,https://www.zillow.com/homedetails/7110-Stonington-Dr-Sandy-Springs-GA-30328/35937667_zpid/
New Construction,229 Belle Ln,33.9136,-84.381,Sandy Springs,GA,30328,"$984,900","5 bds , 6 ba , 4,089 sqft",ENGEL & VOLKERS BUCKHEAD ATLANTA,https://www.zillow.com/homedetails/229-Belle-Ln-Sandy-Springs-GA-30328/2090714800_zpid/
House For Sale,1160 Winding Creek Trl,33.92815,-84.406712,SANDY SPRINGS,GA,30328,"$699,000","4 bds , 4 ba , 3,500 sqft",,https://www.zillow.com/homedetails/1160-Winding-Creek-Trl-Sandy-Springs-GA-30328/35912642_zpid/
House For Sale,705 Glengate Pl,33.934041,-84.369451,SANDY SPRINGS,GA,30328,"$950,000","6 bds , 5 ba , 5,741 sqft",Dorsey Alston Realtors,https://www.zillow.com/homedetails/705-Glengate-Pl-Sandy-Springs-GA-30328/65467540_zpid/
House For Sale,7160 Twin Branch Rd,33.950815,-84.349613,SANDY SPRINGS,GA,30328,"$515,000","4 bds , 3 ba , 2,879 sqft",Atlanta Fine Homes Sotheby's International Realty,https://www.zillow.com/homedetails/7160-Twin-Branch-Rd-Sandy-Springs-GA-30328/35919553_zpid/
New Construction,6442 Canopy Dr # 604,33.9326,-84.3681,Sandy Springs,GA,30328,"$415,800","2 bds , 3 ba , 1,600 sqft","Ashton Woods Realty, Llc",https://www.zillow.com/homedetails/6442-Canopy-Dr-604-Sandy-Springs-GA-30328/2090729958_zpid/
House For Sale,1271 Heards Ferry Rd,33.918697,-84.429409,SANDY SPRINGS,GA,30328,"$985,000","5 bds , 6 ba , 5,963 sqft",,https://www.zillow.com/homedetails/1271-Heards-Ferry-Rd-Sandy-Springs-GA-30328/35919515_zpid/
New Construction,6500 Aria Village Dr,33.93632,-84.384085,Sandy Springs,GA,30328,"$725,277","3 bds , 4 ba , 3,576 sqft",,https://www.zillow.com/homedetails/6500-Aria-Village-Dr-Sandy-Springs-GA-30328/2090768276_zpid/
Townhouse For Sale,82 Forrest Pl,33.918268,-84.385981,Sandy Springs,GA,30328,"$346,900","3 bds , 3 ba , 2,113 sqft",TOTAL REALTY USA INC,https://www.zillow.com/homedetails/82-Forrest-Pl-Sandy-Springs-GA-30328/35939912_zpid/
New Construction,6500 Aria Village Dr # 613,33.9358,-84.3649,Sandy Springs,GA,30328,"$725,277","3 bds , 4 ba , 3,576 sqft","Ashton Woods Realty, Llc",https://www.zillow.com/homedetails/6500-Aria-Village-Dr-613-Sandy-Springs-GA-30328/2090797544_zpid/
New Construction,6441 Lucent Ln,33.930316,-84.367597,Sandy Springs,GA,30328,"$697,049","3 bds , 4 ba , 3,157 sqft",,https://www.zillow.com/homedetails/6441-Lucent-Ln-Sandy-Springs-GA-30328/2090798241_zpid/
New Construction,2066 Wheaton Way,33.914116,-84.383711,Sandy Springs,GA,30328,"$684,100","4 bds , 4 ba , 3,050 sqft",,https://www.zillow.com/homedetails/2066-Wheaton-Way-Sandy-Springs-GA-30328/2090815342_zpid/
New Construction,2060 Wheaton Way,33.914116,-84.383711,Sandy Springs,GA,30328,"$707,370","4 bds , 4 ba , 3,050 sqft",,https://www.zillow.com/homedetails/2060-Wheaton-Way-Sandy-Springs-GA-30328/2090815341_zpid/
New Construction,6494 Canopy Dr,33.932597,-84.36738,Sandy Springs,GA,30328,"$924,900","5 bds , 4 ba , 3,535 sqft",,https://www.zillow.com/homedetails/6494-Canopy-Dr-Sandy-Springs-GA-30328/2090822217_zpid/
New Construction,6490 Canopy Dr,33.932597,-84.36738,Sandy Springs,GA,30328,"$889,900","4 bds , 4 ba , 3,221 sqft",,https://www.zillow.com/homedetails/6490-Canopy-Dr-Sandy-Springs-GA-30328/2090822218_zpid/
House For Sale,6105 Glenridge Dr,33.92202,-84.366737,ATLANTA,GA,30328,"$649,500","4 bds , 2 ba , 2,198 sqft",,https://www.zillow.com/homedetails/6105-Glenridge-Dr-Atlanta-GA-30328/35926211_zpid/
House For Sale,6125 Riverside Dr,33.922916,-84.406084,SANDY SPRINGS,GA,30328,"$775,000","4 bds , 4 ba , 3,631 sqft",,https://www.zillow.com/homedetails/6125-Riverside-Dr-Sandy-Springs-GA-30328/35905859_zpid/
House For Sale,6329 Long Island Ct,33.927728,-84.388156,Sandy springs,GA,30328,"$434,000","3 bds , 1 ba , 1,584 sqft","Drake Realty, Inc.",https://www.zillow.com/homedetails/6329-Long-Island-Ct-Sandy-Springs-GA-30328/35904105_zpid/
New Construction,6461 Meridian Way,33.937507,-84.363288,Sandy Springs,GA,30328,"$842,198","5 bds , 4 ba , 3,432 sqft","Ashton Woods Realty, Llc",https://www.zillow.com/homedetails/6461-Meridian-Way-Sandy-Springs-GA-30328/2091420978_zpid/
New Construction,3024 Eamont Ter,33.914116,-84.383711,Sandy Springs,GA,30328,"$781,997","5 bds , 5 ba , 3,000 sqft",,https://www.zillow.com/homedetails/3024-Eamont-Ter-Sandy-Springs-GA-30328/2094537021_zpid/
New Construction,3030 Eamont Ter,33.914116,-84.383711,Sandy Springs,GA,30328,"$778,240","5 bds , 5 ba , 3,000 sqft",,https://www.zillow.com/homedetails/3030-Eamont-Ter-Sandy-Springs-GA-30328/2094537020_zpid/
New Construction,6475 Canopy Dr,33.932597,-84.36738,Sandy Springs,GA,30328,"$839,900","4 bds , 4 ba , 3,221 sqft",,https://www.zillow.com/homedetails/6475-Canopy-Dr-Sandy-Springs-GA-30328/2090859488_zpid/
Condo For Sale,300 Johnson Ferry Rd NE UNIT A809,33.925677,-84.376933,ATLANTA,GA,30328,"$118,000","1 bd , 1 ba , 760 sqft",BHGRE Metro Brokers,https://www.zillow.com/homedetails/300-Johnson-Ferry-Rd-NE-UNIT-A809-Atlanta-GA-30328/35936462_zpid/
House For Sale,1725 Winterthur Close,33.912123,-84.441615,Sandy Springs,GA,30328,"$1,449,000","5 bds , 5 ba , 6,398 sqft",BEACHAM AND COMPANY REALTORS,https://www.zillow.com/homedetails/1725-Winterthur-Close-Sandy-Springs-GA-30328/35919292_zpid/
Condo For Sale,6430 Chariot St,33.930921,-84.360266,Atlanta,GA,30328,"$289,600","2 bds , 3 ba , -- sqft",All Around Realty LLC,https://www.zillow.com/homedetails/6430-Chariot-St-Atlanta-GA-30328/2090891968_zpid/
Condo For Sale,6430 Chariot St,33.930921,-84.360266,ATLANTA,GA,30328,"$289,600","2 bds , 3 ba , 1,201 sqft",All Around Realty LLC,https://www.zillow.com/homedetails/6430-Chariot-St-Atlanta-GA-30328/98007042_zpid/
House For Sale,315 W Spalding Dr,33.947705,-84.37691,ATLANTA,GA,30328,"$482,000","5 bds , 4 ba , 2,682 sqft",,https://www.zillow.com/homedetails/315-W-Spalding-Dr-Atlanta-GA-30328/35937504_zpid/
House For Sale,265 Glen Meadow Ct,33.940606,-84.3505,SANDY SPRINGS,GA,30328,"$650,000","4 bds , 5 ba , 5,024 sqft",,https://www.zillow.com/homedetails/265-Glen-Meadow-Ct-Sandy-Springs-GA-30328/35917981_zpid/
Condo For Sale,799 Hammond Dr UNIT 219,33.917487,-84.3594,SANDY SPRINGS,GA,30328,"$247,000","2 bds , 2 ba , 1,124 sqft",,https://www.zillow.com/homedetails/799-Hammond-Dr-UNIT-219-Sandy-Springs-GA-30328/69378559_zpid/
House For Sale,185 River North Ct,33.948207,-84.397105,SANDY SPRINGS,GA,30328,"$575,000","5 bds , 6 ba , 3,945 sqft",,https://www.zillow.com/homedetails/185-River-North-Ct-Sandy-Springs-GA-30328/35904766_zpid/
Condo For Sale,300 Johnson Ferry Rd NE,33.925743,-84.376914,Sandy Springs,GA,30328,"$89,900","1 bd , 1 ba , 760 sqft",BHGRE Metro Brokers,https://www.zillow.com/homedetails/300-Johnson-Ferry-Rd-NE-Sandy-Springs-GA-30328/2121131305_zpid/
House For Sale,6315 River Overlook Dr,33.927864,-84.416579,SANDY SPRINGS,GA,30328,"$749,000","5 bds , 4 ba , 2,999 sqft",,https://www.zillow.com/homedetails/6315-River-Overlook-Dr-Sandy-Springs-GA-30328/35912792_zpid/
House For Sale,635 River Valley Rd,33.925745,-84.406942,ATLANTA,GA,30328,"$799,900","4 bds , 5 ba , 2,704 sqft",,https://www.zillow.com/homedetails/635-River-Valley-Rd-Atlanta-GA-30328/35912413_zpid/
House For Sale,6990 Northgreen Dr,33.949902,-84.359975,ATLANTA,GA,30328,"$489,800","4 bds , 3 ba , 3,472 sqft",EXP Realty LLC,https://www.zillow.com/homedetails/6990-Northgreen-Dr-Atlanta-GA-30328/35926040_zpid/
New Construction,6471 Meridian Way,33.932101,-84.366697,Sandy Springs,GA,30328,"$879,646","4 bds , 4 ba , 3,321 sqft",,https://www.zillow.com/homedetails/6471-Meridian-Way-Sandy-Springs-GA-30328/2090962442_zpid/
Condo For Sale,300 Johnson Ferry Rd,33.925677,-84.376933,Atlanta,GA,30328,"$89,900","1 bd , 1 ba , 760 sqft",BHGRE Metro Brokers,https://www.zillow.com/homedetails/300-Johnson-Ferry-Rd-Atlanta-GA-30328/2102977750_zpid/
Condo For Sale,7164 Stonington Dr,33.948596,-84.372713,SANDY SPRINGS,GA,30328,"$180,000","3 bds , 4 ba , 1,980 sqft",,https://www.zillow.com/homedetails/7164-Stonington-Dr-Sandy-Springs-GA-30328/35937692_zpid/
House For Sale,1270 Heards Ferry Rd,33.91754,-84.430992,ATLANTA,GA,30328,"$1,250,000","6 bds , 6 ba , 6,260 sqft",Dorsey Alston Realtors,https://www.zillow.com/homedetails/1270-Heards-Ferry-Rd-Atlanta-GA-30328/35919449_zpid/
House For Sale,430 Cameron Valley Ct,33.913574,-84.428549,SANDY SPRINGS,GA,30328,"$739,000","5 bds , 5 ba , 4,075 sqft",SOLID SOURCE REALTY GA LLC,https://www.zillow.com/homedetails/430-Cameron-Valley-Ct-Sandy-Springs-GA-30328/35919483_zpid/
House For Sale,795 Spalding Dr,33.953655,-84.359828,Sandy Springs,GA,30328,"$470,000","5 bds , 5 ba , 2,636 sqft",,https://www.zillow.com/homedetails/795-Spalding-Dr-Sandy-Springs-GA-30328/35925811_zpid/
New Construction,740 Abernathy Rd NE # SUQIT6,33.937569,-84.365104,Sandy Springs,GA,30328,"$689,900+","3 bds , 3.5 ba , 3,216+ sqft",,https://www.zillow.com/community/aria/2094950511_zpid/
House For Sale,9 Braemore Dr,33.918872,-84.389314,Sandy Springs,GA,30328,"$499,000","3 bds , 3 ba , -- sqft",,https://www.zillow.com/homedetails/9-Braemore-Dr-Sandy-Springs-GA-30328/2091030589_zpid/
House For Sale,720 Hunting View Pt,33.937077,-84.393968,SANDY SPRINGS,GA,30328,"$719,900","4 bds , 4 ba , 3,086 sqft",PalmerHouse Properties,https://www.zillow.com/homedetails/720-Hunting-View-Pt-Sandy-Springs-GA-30328/35904633_zpid/
House For Sale,494 Colewood Way,33.928285,-84.400522,ATLANTA,GA,30328,"$650,000","4 bds , 4 ba , 2,802 sqft",Berkshire Hathaway HomeServices Georgia Properties - Dunwoody Sandy Springs,https://www.zillow.com/homedetails/494-Colewood-Way-Atlanta-GA-30328/35905549_zpid/
Townhouse For Sale,2065 Wheaton Way # 19,33.9146,-84.385,Sandy Springs,GA,30328,"$694,210","4 bds , 5 ba , 3,125 sqft",Mark Spain Real Estate,https://www.zillow.com/homedetails/2065-Wheaton-Way-19-Sandy-Springs-GA-30328/2091068575_zpid/
House For Sale,530 Cameron Manor Way,33.918,-84.388099,SANDY SPRINGS,GA,30328,"$615,000","5 bds , 5 ba , 3,679 sqft",,https://www.zillow.com/homedetails/530-Cameron-Manor-Way-Sandy-Springs-GA-30328/35903813_zpid/
Condo For Sale,475 Mount Vernon Hwy UNIT 201A,33.924173,-84.369314,ATLANTA,GA,30327,"$91,000","2 bds , 2 ba , 932 sqft",DUNWOODY BROKERS LLC,https://www.zillow.com/homedetails/475-Mount-Vernon-Hwy-UNIT-201A-Atlanta-GA-30327/35936333_zpid/
House For Sale,510 Hunters Crossing Dr,33.94829,-84.350231,ATLANTA,GA,30328,"$625,000","4 bds , 5 ba , 4,412 sqft",,https://www.zillow.com/homedetails/510-Hunters-Crossing-Dr-Atlanta-GA-30328/65442241_zpid/
House For Sale,5 Long Island Pl,33.928198,-84.386936,SANDY SPRINGS,GA,30328,"$859,900","5 bds , 4 ba , 3,042 sqft",Berkshire Hathaway HomeServices Georgia Properties - Buckhead Office,https://www.zillow.com/homedetails/5-Long-Island-Pl-Sandy-Springs-GA-30328/35904100_zpid/
New Construction,7309 Twin Branch Rd,33.954456,-84.348049,SANDY SPRINGS,GA,30328,"$1,199,000","6 bds , 6 ba , 5,300 sqft",,https://www.zillow.com/homedetails/7309-Twin-Branch-Rd-Sandy-Springs-GA-30328/35920765_zpid/
House For Sale,6620 Brandon Mill Rd,33.936136,-84.389922,SANDY SPRINGS,GA,30328,"$439,900","3 bds , 2 ba , 2,556 sqft",KELLER KNAPP INC,https://www.zillow.com/homedetails/6620-Brandon-Mill-Rd-Sandy-Springs-GA-30328/35904329_zpid/
New Construction,201 Belle Ln # 1,33.9136,-84.381,Sandy Springs,GA,30328,"$980,000","5 bds , 6 ba , 4,236 sqft",Engel & Volkers Buckhead Atl.,https://www.zillow.com/homedetails/201-Belle-Ln-1-Sandy-Springs-GA-30328/2091215979_zpid/
House For Sale,1660 Winterthur Close,33.913269,-84.439581,Sandy Springs,GA,30328,"$1,578,000","5 bds , 5 ba , -- sqft",BEACHAM AND COMPANY REALTORS,https://www.zillow.com/homedetails/1660-Winterthur-Close-Sandy-Springs-GA-30328/35919284_zpid/
House For Sale,515 Abernathy Rd,33.9369,-84.37048,SANDY SPRINGS,GA,30328,"$475,000","5 bds , 3 ba , 2,500 sqft",Atlanta Communities,https://www.zillow.com/homedetails/515-Abernathy-Rd-Sandy-Springs-GA-30328/35936859_zpid/
House For Sale,1455 N Riverside Cir,33.944983,-84.402549,SANDY SPRINGS,GA,30328,"$1,050,000","5 bds , 6 ba , 5,155 sqft",RE/MAX Around Atlanta,https://www.zillow.com/homedetails/1455-N-Riverside-Cir-Sandy-Springs-GA-30328/35904912_zpid/
Townhouse For Sale,5728 Taylor Way # 7,33.9314,-84.3762,Sandy Springs,GA,30328,"$451,334","3 bds , 3 ba , -- sqft",Engel & Volkers Buckhead Atlanta,https://www.zillow.com/homedetails/5728-Taylor-Way-7-Sandy-Springs-GA-30328/2091290826_zpid/
For Sale by Owner,25 Pointe Ridge Dr,33.941637,-84.406011,ATLANTA,GA,30328,"$1,200,000","4 bds , 5 ba , 4,266 sqft",,https://www.zillow.com/homedetails/25-Pointe-Ridge-Dr-Atlanta-GA-30328/35905131_zpid/
New Construction,740 Abernathy Rd NE # NOTI9U,33.937569,-84.365104,Sandy Springs,GA,30328,"$1,064,900+","3 bds , 4.5 ba , 4,163+ sqft",,https://www.zillow.com/community/aria/2094925443_zpid/
House For Sale,155 Black Water Cv,33.937015,-84.399114,SANDY SPRINGS,GA,30328,"$629,000","5 bds , 4 ba , 4,208 sqft",,https://www.zillow.com/homedetails/155-Black-Water-Cv-Sandy-Springs-GA-30328/35904997_zpid/
House For Sale,935 Riverside Trce,33.924421,-84.420173,SANDY SPRINGS,GA,30328,"$975,000","5 bds , 6 ba , 4,823 sqft",BEACHAM AND COMPANY REALTORS,https://www.zillow.com/homedetails/935-Riverside-Trce-Sandy-Springs-GA-30328/35913006_zpid/
Townhouse For Sale,108 Bradford Dr,33.915434,-84.363005,ATLANTA,GA,30328,"$495,000","3 bds , 4 ba , 2,518 sqft",REDFIN CORPORATION,https://www.zillow.com/homedetails/108-Bradford-Dr-Atlanta-GA-30328/125809316_zpid/
Townhouse For Sale,7295 Highland Blf,33.952068,-84.365876,ATLANTA,GA,30328,"$349,900","3 bds , 4 ba , 1,865 sqft",BEACHAM AND COMPANY REALTORS,https://www.zillow.com/homedetails/7295-Highland-Blf-Atlanta-GA-30328/123477890_zpid/
New Construction,6377 Radiant Trce,33.932645,-84.366231,Sandy Springs,GA,30328,"$649,900","3 bds , 4 ba , 3,109 sqft",,https://www.zillow.com/homedetails/6377-Radiant-Trce-Sandy-Springs-GA-30328/2091365587_zpid/
House For Sale,34 River Park Dr,33.949674,-84.387622,SANDY SPRINGS,GA,30328,"$589,900","5 bds , 4 ba , 3,240 sqft",Coldwell Banker Residential Brokerage - Perimeter,https://www.zillow.com/homedetails/34-River-Park-Dr-Sandy-Springs-GA-30328/35904713_zpid/
Lot/Land For Sale,485 Johnson Ferry Rd NW,33.939512,-84.396315,SANDY SPRINGS,GA,30328,"$340,000",0.89 ac lot,,https://www.zillow.com/homedetails/485-Johnson-Ferry-Rd-NW-Sandy-Springs-GA-30328/35904491_zpid/
For Sale by Owner,7200 Riverside Dr NW,33.952255,-84.390265,Atlanta,GA,30328,"$295,000",0.81 ac lot,,https://www.zillow.com/homedetails/7200-Riverside-Dr-NW-Atlanta-GA-30328/2143163688_zpid/
New Construction,6377 Radiant Trce # 60,33.9314,-84.3762,Sandy Springs,GA,30328,"$649,900","3 bds , 4 ba , 3,109 sqft","Ashton Woods Realty, Llc",https://www.zillow.com/homedetails/6377-Radiant-Trce-60-Sandy-Springs-GA-30328/2091419993_zpid/
New Construction,6479 Canopy Dr,33.937507,-84.363288,Sandy Springs,GA,30328,"$829,900","5 bds , 4 ba , 3,262 sqft",,https://www.zillow.com/homedetails/6479-Canopy-Dr-Sandy-Springs-GA-30328/2091420977_zpid/
Townhouse For Sale,5720 Taylor Way # 3,33.9314,-84.3762,Atlanta,GA,30328,"$439,334","3 bds , 3 ba , 1,867 sqft",Engel & Volkers Buckhead Atlanta,https://www.zillow.com/homedetails/5720-Taylor-Way-3-Atlanta-GA-30328/2091427102_zpid/
Townhouse For Sale,5730 Taylor Way # 8,33.9314,-84.3762,Sandy Springs,GA,30328,"$440,808","3 bds , 3 ba , 1,854 sqft",Engel & Volkers Buckhead Atlanta,https://www.zillow.com/homedetails/5730-Taylor-Way-8-Sandy-Springs-GA-30328/2091427096_zpid/
Townhouse For Sale,5722 Taylor Way # 4,33.9314,-84.3762,Atlanta,GA,30328,"$441,408","3 bds , 3 ba , 1,867 sqft",Engel & Volkers Buckhead Atlanta,https://www.zillow.com/homedetails/5722-Taylor-Way-4-Atlanta-GA-30328/2091427103_zpid/
Townhouse For Sale,5724 Taylor Way # 5,33.9314,-84.3762,Sandy Springs,GA,30328,"$444,334","3 bds , 3 ba , 1,867 sqft",Engel & Volkers Buckhead Atlanta,https://www.zillow.com/homedetails/5724-Taylor-Way-5-Sandy-Springs-GA-30328/2091427099_zpid/
Townhouse For Sale,5716 Taylor Way # 1,33.9314,-84.3762,Atlanta,GA,30328,"$456,334","3 bds , 3 ba , 1,867 sqft",Engel & Volkers Buckhead Atlanta,https://www.zillow.com/homedetails/5716-Taylor-Way-1-Atlanta-GA-30328/2091427101_zpid/
Townhouse For Sale,5726 Taylor Way # 6,33.9314,-84.3762,Atlanta,GA,30328,"$458,308","3 bds , 3 ba , 1,867 sqft",Engel & Volkers Buckhead Atlanta,https://www.zillow.com/homedetails/5726-Taylor-Way-6-Atlanta-GA-30328/2091427098_zpid/
Townhouse For Sale,5732 Taylor Way # 9,33.9314,-84.3762,Sandy Springs,GA,30328,"$437,959","3 bds , 3 ba , 1,854 sqft",Engel & Volkers Buckhead Atlanta,https://www.zillow.com/homedetails/5732-Taylor-Way-9-Sandy-Springs-GA-30328/2091427097_zpid/
Townhouse For Sale,5718 Taylor Way # 2,33.9314,-84.3762,Atlanta,GA,30328,"$446,308","3 bds , 3 ba , 1,867 sqft",Engel & Volkers Buckhead Atlanta,https://www.zillow.com/homedetails/5718-Taylor-Way-2-Atlanta-GA-30328/2091427100_zpid/
New Construction,3008 Eamont Ter,33.914116,-84.383711,Sandy Springs,GA,30328,"$861,070","5 bds , 5 ba , 3,975 sqft",,https://www.zillow.com/homedetails/3008-Eamont-Ter-Sandy-Springs-GA-30328/2091438804_zpid/
New Construction,2065 Wheaton Way,33.914116,-84.383711,Sandy Springs,GA,30328,"$694,210","4 bds , 5 ba , 3,225 sqft",,https://www.zillow.com/homedetails/2065-Wheaton-Way-Sandy-Springs-GA-30328/2094460864_zpid/
House For Sale,495 Abernathy Rd,33.936951,-84.370983,SANDY SPRINGS,GA,30328,"$429,900","4 bds , 2 ba , -- sqft",Atlanta Communities,https://www.zillow.com/homedetails/495-Abernathy-Rd-Sandy-Springs-GA-30328/35936858_zpid/
House For Sale,505 River Valley Rd,33.928988,-84.403797,SANDY SPRINGS,GA,30328,"$638,000","4 bds , 6 ba , 4,810 sqft",,https://www.zillow.com/homedetails/505-River-Valley-Rd-Sandy-Springs-GA-30328/35905583_zpid/
House For Sale,6885 Hunters Knl,33.942886,-84.350699,SANDY SPRINGS,GA,30328,"$599,000","5 bds , 4 ba , 3,974 sqft",BEACHAM AND COMPANY REALTORS,https://www.zillow.com/homedetails/6885-Hunters-Knl-Sandy-Springs-GA-30328/35917970_zpid/
New Construction,2009 Wheaton Way # V5CXZG,33.914116,-84.383711,Sandy Springs,GA,30328,"$697,990+","4 bds , 3.5 ba , 3,225+ sqft",,https://www.zillow.com/community/atwater/2096260020_zpid/
New Construction,740 Abernathy Rd NE # YPT5RZ,33.937569,-84.365104,Sandy Springs,GA,30328,"$364,900+","1 bd , 1.5 ba , 1,036+ sqft",,https://www.zillow.com/community/aria/2094950485_zpid/
New Construction,740 Abernathy Rd NE # 82XVO6,33.937569,-84.365104,Sandy Springs,GA,30328,"$404,900+","1 bd , 2.5 ba , 1,615+ sqft",,https://www.zillow.com/community/aria/2094950484_zpid/
Condo For Sale,799 Hammond Dr,33.917487,-84.3594,Atlanta,GA,30328,"$278,500","2 bds , 3 ba , 1,250 sqft",Keller Williams Atl.Perimeter,https://www.zillow.com/homedetails/799-Hammond-Dr-Atlanta-GA-30328/2104193574_zpid/
Condo For Sale,799 Hammond Dr UNIT 409,33.917487,-84.3594,Sandy springs,GA,30328,"$278,500","2 bds , 3 ba , 1,252 sqft",,https://www.zillow.com/homedetails/799-Hammond-Dr-UNIT-409-Sandy-Springs-GA-30328/69365341_zpid/
New Construction,740 Abernathy Rd NE # ENSPNM,33.937569,-84.365104,Sandy Springs,GA,30328,"$569,900+","3 bds , 3.5 ba , 2,344+ sqft",,https://www.zillow.com/community/aria/2094950488_zpid/
House For Sale,140 River North Ct,33.947341,-84.39603,SANDY SPRINGS,GA,30328,"$695,000","4 bds , 4 ba , 4,741 sqft",,https://www.zillow.com/homedetails/140-River-North-Ct-Sandy-Springs-GA-30328/35904762_zpid/
House For Sale,989 Winding Creek Trl,33.932323,-84.408011,SANDY SPRINGS,GA,30328,"$499,000","3 bds , 2 ba , 2,699 sqft",Ansley Atlanta Real Estate,https://www.zillow.com/homedetails/989-Winding-Creek-Trl-Sandy-Springs-GA-30328/35912736_zpid/
New Construction,740 Abernathy Rd NE # AGNVXL,33.937569,-84.365104,Sandy Springs,GA,30328,"$684,900+","3 bds , 3.5 ba , 3,109+ sqft",,https://www.zillow.com/community/aria/2094950505_zpid/
New Construction,740 Abernathy Rd NE # Q6SEJV,33.937569,-84.365104,Sandy Springs,GA,30328,"$999,900+","3 bds , 3 ba , 3,108+ sqft",,https://www.zillow.com/community/aria/2094925442_zpid/
New Construction,740 Abernathy Rd NE # PI2BRU,33.937569,-84.365104,Sandy Springs,GA,30328,"$564,900+","3 bds , 3.5 ba , 2,171+ sqft",,https://www.zillow.com/community/aria/2094950489_zpid/
New Construction,740 Abernathy Rd NE # JGEYS,33.937569,-84.365104,Sandy Springs,GA,30328,"$924,900+","3 bds , 3.5 ba , 4,011+ sqft",,https://www.zillow.com/community/aria/2094925441_zpid/
New Construction,740 Abernathy Rd NE # 1YN9B6,33.937569,-84.365104,Sandy Springs,GA,30328,"$684,900+","4 bds , 3.5 ba , 3,216+ sqft",,https://www.zillow.com/community/aria/2094950502_zpid/
For Sale by Owner,455 Stone Mill Trl,33.945023,-84.384438,SANDY SPRINGS,GA,30328,"$1,776,074","4 bds , 5 ba , 3,522 sqft",,https://www.zillow.com/homedetails/455-Stone-Mill-Trl-Sandy-Springs-GA-30328/35939276_zpid/
New Construction,740 Abernathy Rd NE # TGC5RN,33.937569,-84.365104,Sandy Springs,GA,30328,"$559,900+","3 bds , 3.5 ba , 2,285+ sqft",,https://www.zillow.com/community/aria/2094950509_zpid/
New Construction,740 Abernathy Rd NE # 3LRSZH,33.937569,-84.365104,Sandy Springs,GA,30328,"$939,900+","3 bds , 4.5 ba , 4,198+ sqft",,https://www.zillow.com/community/aria/2094925439_zpid/
New Construction,2064 Wheaton Way,33.914116,-84.383711,Sandy Springs,GA,30328,"$694,225","4 bds , 4 ba , 3,050 sqft",,https://www.zillow.com/homedetails/2064-Wheaton-Way-Sandy-Springs-GA-30328/2091711655_zpid/
New Construction,740 Abernathy Rd NE # 7PRVVC,33.937569,-84.365104,Sandy Springs,GA,30328,"$584,900+","3 bds , 3.5 ba , 2,776+ sqft",,https://www.zillow.com/community/aria/2094950487_zpid/
New Construction,740 Abernathy Rd NE # N30WTZ,33.937569,-84.365104,Sandy Springs,GA,30328,"$694,900+","3 bds , 3.5 ba , 3,232+ sqft",,https://www.zillow.com/community/aria/2094950506_zpid/
House For Sale,640 River Valley Rd,33.924828,-84.406244,ATLANTA,GA,30328,"$635,000","4 bds , 2 ba , 2,597 sqft",,https://www.zillow.com/homedetails/640-River-Valley-Rd-Atlanta-GA-30328/35905836_zpid/
New Construction,740 Abernathy Rd NE # LSR247,33.937569,-84.365104,Sandy Springs,GA,30328,"$659,900+","3 bds , 3.5 ba , 2,948+ sqft",,https://www.zillow.com/community/aria/2094950495_zpid/
House For Sale,1 Bonnie Ln,33.928848,-84.386099,SANDY SPRINGS,GA,30328,"$640,000","6 bds , 5 ba , 4,013 sqft",,https://www.zillow.com/homedetails/1-Bonnie-Ln-Sandy-Springs-GA-30328/65452370_zpid/
New Construction,740 Abernathy Rd NE # 2D96PO,33.937569,-84.365104,Sandy Springs,GA,30328,"$584,900+","3 bds , 3.5 ba , 2,776+ sqft",,https://www.zillow.com/community/aria/2094950486_zpid/
New Construction,5995 Teton Way # B-4,33.9314,-84.3762,Sandy Springs,GA,30328,"$859,000","4 bds , 4 ba , 3,492 sqft",BEACHAM AND COMPANY REALTORS,https://www.zillow.com/homedetails/5995-Teton-Way-B-4-Sandy-Springs-GA-30328/2091796489_zpid/
House For Sale,435 Amberidge Trl,33.935383,-84.40203,SANDY SPRINGS,GA,30328,"$629,900","5 bds , 3 ba , 3,720 sqft",,https://www.zillow.com/homedetails/435-Amberidge-Trl-Sandy-Springs-GA-30328/35905494_zpid/
Townhouse For Sale,104 Bradford Dr,33.9145,-84.3622,ATLANTA,GA,30328,"$510,000","3 bds , 4 ba , 2,528 sqft",,https://www.zillow.com/homedetails/104-Bradford-Dr-Atlanta-GA-30328/125114986_zpid/
House For Sale,7430 Talbot Colony,33.954273,-84.355306,Sandy Springs,GA,30328,"$499,995","4 bds , 3 ba , 3,196 sqft",Mark Spain Real Estate,https://www.zillow.com/homedetails/7430-Talbot-Colony-Sandy-Springs-GA-30328/35920815_zpid/
New Construction,325 River Valley Rd,33.933924,-84.398347,ATLANTA,GA,30328,"$2,450,000","6 bds , 7 ba , 5,063 sqft",Atlanta Fine Homes Sotheby's International Realty,https://www.zillow.com/homedetails/325-River-Valley-Rd-Atlanta-GA-30328/35905466_zpid/
New Construction,740 Abernathy Rd NE # OFHIXC,33.937569,-84.365104,Sandy Springs,GA,30328,"$819,900+","4 bds , 3.5 ba , 3,221+ sqft",,https://www.zillow.com/community/aria/2094950494_zpid/
House For Sale,394 Carriage Dr,33.926088,-84.374264,SANDY SPRINGS,GA,30328,"$1,175,000","5 bds , 7 ba , 6,009 sqft",,https://www.zillow.com/homedetails/394-Carriage-Dr-Sandy-Springs-GA-30328/35936226_zpid/
House For Sale,394 Carriage Dr,33.926088,-84.374264,SANDY SPRINGS,GA,30328,"$1,175,000","5 bds , 7 ba , 6,009 sqft",,https://www.zillow.com/homedetails/394-Carriage-Dr-Sandy-Springs-GA-30328/35936226_zpid/
New Construction,740 Abernathy Rd NE # 36QGKH,33.937569,-84.365104,Sandy Springs,GA,30328,"$559,900+","3 bds , 3.5 ba , 2,285+ sqft",,https://www.zillow.com/community/aria/2094950493_zpid/
House For Sale,825 Spalding Dr,33.954351,-84.359258,Sandy Springs,GA,30328,"$425,000","4 bds , 3 ba , 5,123 sqft",Berkshire Hathaway HomeServices Georgia Properties - Dunwoody Sandy Springs,https://www.zillow.com/homedetails/825-Spalding-Dr-Sandy-Springs-GA-30328/35925809_zpid/
House For Sale,6440 River Chase Cir,33.922674,-84.424326,SANDY SPRINGS,GA,30328,"$720,000","4 bds , 3 ba , 3,608 sqft",Coldwell Banker Residential Brokerage - Sandy Springs,https://www.zillow.com/homedetails/6440-River-Chase-Cir-Sandy-Springs-GA-30328/35912963_zpid/
Condo For Sale,6980 Roswell Rd UNIT K12,33.945119,-84.372969,Atlanta,GA,30328,"$173,500","2 bds , 1 ba , 1,139 sqft",BHGRE METRO BROKERS,https://www.zillow.com/homedetails/6980-Roswell-Rd-UNIT-K12-Atlanta-GA-30328/98003705_zpid/
House For Sale,410 Dalrymple Rd,33.955685,-84.374484,Sandy Springs,GA,30328,"$569,900","4 bds , 3 ba , 3,832 sqft",Muffley & Associates,https://www.zillow.com/homedetails/410-Dalrymple-Rd-Sandy-Springs-GA-30328/2096956357_zpid/
New Construction,740 Abernathy Rd NE # GSIEYD,33.937569,-84.365104,Sandy Springs,GA,30328,"$799,900+","4 bds , 3.5 ba , 3,262+ sqft",,https://www.zillow.com/community/aria/2094950504_zpid/
Condo For Sale,475 Mount Vernon Hwy NE APT B210,33.923857,-84.369362,Sandy springs,GA,30328,"$82,900","2 bds , 2 ba , 932 sqft",HAYNES AND ASSOCIATES,https://www.zillow.com/homedetails/475-Mount-Vernon-Hwy-NE-APT-B210-Sandy-Springs-GA-30328/35936342_zpid/
House For Sale,695 Glenairy Dr,33.921428,-84.36371,Atlanta,GA,30328,"$1,600,000","6 bds , 7 ba , 4,700 sqft",Dorsey Alston Realtors,https://www.zillow.com/homedetails/695-Glenairy-Dr-Atlanta-GA-30328/2104348469_zpid/
New Construction,740 Abernathy Rd NE # 3EGQK0,33.937569,-84.365104,Sandy Springs,GA,30328,"$674,900+","3 bds , 3.5 ba , 3,031+ sqft",,https://www.zillow.com/community/aria/2094950500_zpid/
New Construction,740 Abernathy Rd NE # 870SUY,33.937569,-84.365104,Sandy Springs,GA,30328,"$849,900+","4 bds , 3.5 ba , 3,535+ sqft",,https://www.zillow.com/community/aria/2094950510_zpid/
House For Sale,539 Johnson Ferry Rd NE,33.922451,-84.369817,SANDY SPRINGS,GA,30328,"$923,198","5 bds , 6 ba , 5,500 sqft",The Dazsh Group LLC,https://www.zillow.com/homedetails/539-Johnson-Ferry-Rd-NE-Sandy-Springs-GA-30328/35936170_zpid/
House For Sale,100 Breakwater Cir,33.94017,-84.397957,SANDY SPRINGS,GA,30328,"$649,900","5 bds , 5 ba , 6,300 sqft",BEACHAM AND COMPANY REALTORS,https://www.zillow.com/homedetails/100-Breakwater-Cir-Sandy-Springs-GA-30328/35905067_zpid/
House For Sale,6590 Bridgewood Valley Rd,33.934191,-84.393985,Sandy Springs,GA,30328,"$525,000","4 bds , 3 ba , 2,573 sqft",Muffley & Associates,https://www.zillow.com/homedetails/6590-Bridgewood-Valley-Rd-Sandy-Springs-GA-30328/35904248_zpid/
House For Sale,120 Marsh Glen Pt,33.943003,-84.396616,SANDY SPRINGS,GA,30328,"$675,000","6 bds , 5 ba , 3,596 sqft",,https://www.zillow.com/homedetails/120-Marsh-Glen-Pt-Sandy-Springs-GA-30328/35904549_zpid/
Lot/Land For Sale,714 Bass Way,33.93132,-84.37357,Sandy Springs,GA,30328,"$485,000",0.71 ac lot,Atlanta Fine Homes Sotheby's International Realty,https://www.zillow.com/homedetails/714-Bass-Way-Sandy-Springs-GA-30328/2095635264_zpid/
Lot/Land For Sale,712 Bass Way,33.91531,-84.398357,Sandy Springs,GA,30328,"$455,000",0.68 ac lot,Atlanta Fine Homes Sotheby's International Realty,https://www.zillow.com/homedetails/712-Bass-Way-Sandy-Springs-GA-30328/2099303020_zpid/
For Sale by Owner,7200 Lancaster Loop,33.948596,-84.372713,ATLANTA,GA,30328,"$185,000","4 bds , 4 ba , 2,176 sqft",,https://www.zillow.com/homedetails/7200-Lancaster-Loop-Atlanta-GA-30328/35937659_zpid/
New Construction,740 Abernathy Rd NE # 30FSQE,33.937569,-84.365104,Sandy Springs,GA,30328,"$339,900+","1 bd , 2 ba , 1,023+ sqft",,https://www.zillow.com/community/aria/2094950490_zpid/
Lot/Land For Sale,277 Mount Vernon Hwy NW,33.918078,-84.396542,SANDY SPRINGS,GA,30328,"$2,450,000",2.10 ac lot,Coldwell Banker Residential Brokerage - Alpharetta/North Point,https://www.zillow.com/homedetails/277-Mount-Vernon-Hwy-NW-Sandy-Springs-GA-30328/35903824_zpid/
New Construction,444 Hilderbrand Dr # 0,33.9215,-84.37286,Sandy Springs,GA,30328,"$1,125,000","4 bds , 5 ba , 4,145 sqft",,https://www.zillow.com/homedetails/444-Hilderbrand-Dr-0-Sandy-Springs-GA-30328/2100548689_zpid/
New Construction,444 Hilderbrand Dr,33.921505,-84.372855,SANDY SPRINGS,GA,30328,"$1,125,000","4 bds , 5 ba , 4,145 sqft",,https://www.zillow.com/homedetails/444-Hilderbrand-Dr-Sandy-Springs-GA-30328/35936157_zpid/
House For Sale,5715 Cameron Hall Pl,33.915793,-84.388108,Sandy Springs,GA,30328,"$500,000","3 bds , 3 ba , 3,706 sqft",KELLER KNAPP INC,https://www.zillow.com/homedetails/5715-Cameron-Hall-Pl-Sandy-Springs-GA-30328/2092284340_zpid/
House For Sale,420 Riverhill Dr,33.925335,-84.393571,Sandy Springs,GA,30328,"$650,000","4 bds , 4 ba , 2,897 sqft",Berkshire Hathaway HomeServices Georgia Properties - Dunwoody Sandy Springs,https://www.zillow.com/homedetails/420-Riverhill-Dr-Sandy-Springs-GA-30328/35904002_zpid/
House For Sale,6250 Glen Oaks Ln,33.924816,-84.369078,SANDY SPRINGS,GA,30328,"$545,000","4 bds , 4 ba , 3,074 sqft",BHGRE Metro Brokers,https://www.zillow.com/homedetails/6250-Glen-Oaks-Ln-Sandy-Springs-GA-30328/55018455_zpid/
House For Sale,310 Wilderlake Ct,33.960436,-84.381287,SANDY SPRINGS,GA,30328,"$1,998,000","6 bds , 9 ba , 7,563 sqft",BEACHAM AND COMPANY REALTORS,https://www.zillow.com/homedetails/310-Wilderlake-Ct-Sandy-Springs-GA-30328/35939038_zpid/
New Construction,6607 Aria Blvd,33.935393,-84.363854,Sandy Springs,GA,30328,"$930,728","3 bds , 4 ba , 4,193 sqft",,https://www.zillow.com/homedetails/6607-Aria-Blvd-Sandy-Springs-GA-30328/2092548359_zpid/
New Construction,6674 Cadence Blvd # 72,33.9314,-84.3762,Sandy Springs,GA,30328,"$359,900","1 bd , 2 ba , 1,011 sqft","Ashton Woods Realty, Llc",https://www.zillow.com/homedetails/6674-Cadence-Blvd-72-Sandy-Springs-GA-30328/2092587986_zpid/
New Construction,6426 Lucent Ln,33.935227,-84.363794,Sandy Springs,GA,30328,"$949,900","5 bds , 5 ba , 3,682 sqft",,https://www.zillow.com/homedetails/6426-Lucent-Ln-Sandy-Springs-GA-30328/2092637046_zpid/
House For Sale,480 Riverside Pkwy,33.921653,-84.402646,SANDY SPRINGS,GA,30328,"$850,000","5 bds , 4 ba , 3,464 sqft",,https://www.zillow.com/homedetails/480-Riverside-Pkwy-Sandy-Springs-GA-30328/35905703_zpid/
Condo For Sale,634 Jefferson Cir UNIT 634,33.94645,-84.362708,Sandy Springs,GA,30328,"$419,900","3 bds , 4 ba , 2,500 sqft",Berkshire Hathaway HomeServices Georgia Properties - East Cobb,https://www.zillow.com/homedetails/634-Jefferson-Cir-UNIT-634-Sandy-Springs-GA-30328/2092673541_zpid/
New Construction,6607 Aria Blvd # 124,33.9314,-84.3762,Sandy Springs,GA,30328,"$930,728","3 bds , 4 ba , 4,193 sqft","Ashton Woods Realty, Llc",https://www.zillow.com/homedetails/6607-Aria-Blvd-124-Sandy-Springs-GA-30328/2092825491_zpid/
Condo For Sale,634 Jefferson Cir,33.94645,-84.362708,SANDY SPRINGS,GA,30328,"$419,900","3 bds , 4 ba , 2,500 sqft",Berkshire Hathaway HomeServices Georgia Properties - East Cobb,https://www.zillow.com/homedetails/634-Jefferson-Cir-Sandy-Springs-GA-30328/35925975_zpid/
Townhouse For Sale,634 Jefferson Cir # 634,33.94645,-84.362708,Sandy Springs,GA,30328,"$419,900","3 bds , 4 ba , 2,500 sqft",Berkshire Hathaway HomeServices Georgia Properties,https://www.zillow.com/homedetails/634-Jefferson-Cir-634-Sandy-Springs-GA-30328/2092894184_zpid/
New Construction,2020 Wheaton Way,33.914116,-84.383711,Sandy Springs,GA,30328,"$625,000","4 bds , 4 ba , 2,675 sqft",,https://www.zillow.com/homedetails/2020-Wheaton-Way-Sandy-Springs-GA-30328/2092934306_zpid/
House For Sale,711 Heards Ferry Rd,33.920016,-84.409629,SANDY SPRINGS,GA,30328,"$2,750,000","5 bds , 6 ba , 6,129 sqft",Atlanta Fine Homes Sotheby's International Realty,https://www.zillow.com/homedetails/711-Heards-Ferry-Rd-Sandy-Springs-GA-30328/35912593_zpid/
House For Sale,6463 Meridian Way,33.932101,-84.366697,Sandy Springs,GA,30328,"$894,788","5 bds , 5 ba , 3,682 sqft","Ashton Woods Realty, Llc",https://www.zillow.com/homedetails/6463-Meridian-Way-Sandy-Springs-GA-30328/2092997409_zpid/
New Construction,740 Abernathy Rd NE # 52DXHK,33.937569,-84.365104,Sandy Springs,GA,30328,"$559,900+","3 bds , 3.5 ba , 2,344+ sqft",,https://www.zillow.com/community/aria/2094950508_zpid/
Townhouse For Sale,6089 Boylston Dr # 6,33.920874,-84.376832,Sandy Springs,GA,30328,"$574,459","3 bds , 4 ba , -- sqft",Engel & Volkers Buckhead Atlanta,https://www.zillow.com/homedetails/6089-Boylston-Dr-6-Sandy-Springs-GA-30328/2093103359_zpid/
Townhouse For Sale,6095 Boylston Dr # 4,33.920983,-84.376858,Sandy Springs,GA,30328,"$596,559","3 bds , 4 ba , 2,435 sqft",Engel & Volkers Buckhead Atlanta,https://www.zillow.com/homedetails/6095-Boylston-Dr-4-Sandy-Springs-GA-30328/2093103608_zpid/
Condo For Sale,6980 Roswell Rd UNIT I6,33.945119,-84.372969,Atlanta,GA,30328,"$135,000","1 bd , 2 ba , 814 sqft","Hannon Properties, LLC",https://www.zillow.com/homedetails/6980-Roswell-Rd-UNIT-I6-Atlanta-GA-30328/97995546_zpid/
Townhouse For Sale,6097 Boylston Dr # 3,33.921019,-84.376867,Sandy Springs,GA,30328,"$577,430","3 bds , 4 ba , 2,435 sqft",Engel & Volkers Buckhead Atlanta,https://www.zillow.com/homedetails/6097-Boylston-Dr-3-Sandy-Springs-GA-30328/2093139904_zpid/
New Construction,740 Abernathy Rd NE # K14HC,33.937569,-84.365104,Sandy Springs,GA,30328,"$834,900+","4 bds , 3.5 ba , 3,432+ sqft",,https://www.zillow.com/community/aria/2094950503_zpid/
Lot/Land For Sale,3030 River North Pkwy,33.948905,-84.397831,SANDY SPRINGS,GA,30328,"$315,000",0.67 ac lot,Berkshire Hathaway HomeServices Georgia Properties - Midtown Office,https://www.zillow.com/homedetails/3030-River-North-Pkwy-Sandy-Springs-GA-30328/65442037_zpid/
House For Sale,355 Black Water Cv,33.936954,-84.398267,ATLANTA,GA,30328,"$644,900","5 bds , 4 ba , 4,150 sqft",SELLECT REALTY LLC,https://www.zillow.com/homedetails/355-Black-Water-Cv-Atlanta-GA-30328/35904995_zpid/
House For Sale,6155 River Chase Cir,33.921992,-84.431732,SANDY SPRINGS,GA,30328,"$899,000","5 bds , 7 ba , 5,133 sqft",Ansley Atlanta Real Estate,https://www.zillow.com/homedetails/6155-River-Chase-Cir-Sandy-Springs-GA-30328/35919373_zpid/
House For Sale,5960 River Chase Cir,33.918338,-84.424703,ATLANTA,GA,30328,"$1,595,000","5 bds , 8 ba , 6,684 sqft",Dorsey Alston Realtors,https://www.zillow.com/homedetails/5960-River-Chase-Cir-Atlanta-GA-30328/35913075_zpid/
House For Sale,178 Johnson Ferry Rd NW,33.933677,-84.389937,ATLANTA,GA,30328,"$689,000","4 bds , 2 ba , 1,459 sqft",Solid Source Realty GA,https://www.zillow.com/homedetails/178-Johnson-Ferry-Rd-NW-Atlanta-GA-30328/35904036_zpid/
New Construction,14 Long Island Pl,33.927647,-84.387505,SANDY SPRINGS,GA,30328,"$1,175,000","5 bds , 4 ba , 4,100 sqft",BEACHAM AND COMPANY REALTORS,https://www.zillow.com/homedetails/14-Long-Island-Pl-Sandy-Springs-GA-30328/35904102_zpid/
House For Sale,7375 Wildercliff Dr,33.956199,-84.384776,SANDY SPRINGS,GA,30328,"$1,350,000","5 bds , 7 ba , 6,371 sqft",Dorsey Alston Realtors,https://www.zillow.com/homedetails/7375-Wildercliff-Dr-Sandy-Springs-GA-30328/35939020_zpid/
House For Sale,1050 Edgewater Dr,33.928954,-84.419774,SANDY SPRINGS,GA,30328,"$889,000","5 bds , 5 ba , 7,075 sqft",,https://www.zillow.com/homedetails/1050-Edgewater-Dr-Sandy-Springs-GA-30328/35912825_zpid/
Townhouse For Sale,6099 Boylston Dr # 2,33.921055,-84.376875,Sandy Springs,GA,30328,"$569,633","3 bds , 4 ba , 2,435 sqft",Engel & Volkers Buckhead Atlanta,https://www.zillow.com/homedetails/6099-Boylston-Dr-2-Sandy-Springs-GA-30328/2094455562_zpid/
New Construction,215 Belle Ln,33.918295,-84.390696,Sandy Springs,GA,30328,"$979,900","5 bds , 5 ba , 3,931 sqft",ENGEL & VOLKERS BUCKHEAD ATLANTA,https://www.zillow.com/homedetails/215-Belle-Ln-Sandy-Springs-GA-30328/2094464199_zpid/
New Construction,3026 Eamont Ter,33.914116,-84.383711,Sandy Springs,GA,30328,"$784,928","5 bds , 5 ba , 3,300 sqft",,https://www.zillow.com/homedetails/3026-Eamont-Ter-Sandy-Springs-GA-30328/2094537015_zpid/
House For Sale,46 High Top Cir,33.928727,-84.384574,ATLANTA,GA,30328,"$850,000","4 bds , 5 ba , 4,851 sqft",,https://www.zillow.com/homedetails/46-High-Top-Cir-Atlanta-GA-30328/97997427_zpid/
New Construction,6674 Cadence Blvd,33.935227,-84.363794,Sandy Springs,GA,30328,"$359,900","1 bd , 2 ba , 1,011 sqft",,https://www.zillow.com/homedetails/6674-Cadence-Blvd-Sandy-Springs-GA-30328/2094629844_zpid/
House For Sale,6130 River Shore Pkwy,33.921976,-84.400023,SANDY SPRINGS,GA,30328,"$659,000","6 bds , 4 ba , 3,355 sqft",RE/MAX Around Atlanta,https://www.zillow.com/homedetails/6130-River-Shore-Pkwy-Sandy-Springs-GA-30328/35905708_zpid/
New Construction,215 Belle Ln # 3,33.93133,-84.37341,Sandy Springs,GA,30328,"$979,900","5 bds , 5 ba , 4,020 sqft",Engel & Volkers Buckhead Atl.,https://www.zillow.com/homedetails/215-Belle-Ln-3-Sandy-Springs-GA-30328/2094925320_zpid/
House For Sale,825 Glengate Pl,33.934733,-84.367623,SANDY SPRINGS,GA,30328,"$925,000","6 bds , 7 ba , 6,500 sqft",,https://www.zillow.com/homedetails/825-Glengate-Pl-Sandy-Springs-GA-30328/65467551_zpid/
House For Sale,5995 Riverside Dr,33.918627,-84.406215,Sandy springs,GA,30328,"$2,495,000","7 bds , 6 ba , 7,576 sqft",Coldwell Banker Residential Brokerage - Sandy Springs,https://www.zillow.com/homedetails/5995-Riverside-Dr-Sandy-Springs-GA-30328/35905962_zpid/
Condo For Sale,799 Hammond Dr UNIT 427,33.917487,-84.3594,SANDY SPRINGS,GA,30328,"$169,999","1 bd , 2 ba , 803 sqft",Atlanta Communities,https://www.zillow.com/homedetails/799-Hammond-Dr-UNIT-427-Sandy-Springs-GA-30328/69374566_zpid/
New Construction,5965 Riverside Dr,33.917757,-84.406158,Sandy Springs,GA,30328,"$2,299,000","6 bds , 7 ba , 8,116 sqft",Atlanta Fine Homes Sotheby's International Realty,https://www.zillow.com/homedetails/5965-Riverside-Dr-Sandy-Springs-GA-30328/35905967_zpid/
New Construction,3006 Eamont Ter,33.914116,-84.383711,Sandy Springs,GA,30328,"$848,299","5 bds , 4 ba , 3,150 sqft",,https://www.zillow.com/homedetails/3006-Eamont-Ter-Sandy-Springs-GA-30328/2095478407_zpid/
House For Sale,7380 Wildercliff Dr,33.956982,-84.386083,Sandy Springs,GA,30328,"$1,675,000","6 bds , 10 ba , 9,430 sqft",Beacham & Company GAMLS LLC,https://www.zillow.com/homedetails/7380-Wildercliff-Dr-Sandy-Springs-GA-30328/35939024_zpid/
New Construction,5950 Teton Way,33.9315,-84.3761,Sandy Springs,GA,30328,"$859,000","4 bds , 4 ba , 3,492 sqft",BEACHAM AND COMPANY REALTORS,https://www.zillow.com/homedetails/5950-Teton-Way-Sandy-Springs-GA-30328/2095839409_zpid/
New Construction,5955 Teton Way,33.9315,-84.3761,Sandy Springs,GA,30328,"$859,000","4 bds , 4 ba , 3,492 sqft",BEACHAM AND COMPANY REALTORS,https://www.zillow.com/homedetails/5955-Teton-Way-Sandy-Springs-GA-30328/2095839408_zpid/
New Construction,5970 Teton Way,33.9315,-84.3761,Sandy Springs,GA,30328,"$899,000","4 bds , 4 ba , 3,492 sqft",BEACHAM AND COMPANY REALTORS,https://www.zillow.com/homedetails/5970-Teton-Way-Sandy-Springs-GA-30328/2095864382_zpid/
New Construction,5975 Teton Way,33.9315,-84.3761,Sandy Springs,GA,30328,"$899,000","4 bds , 4 ba , 3,492 sqft",BEACHAM AND COMPANY REALTORS,https://www.zillow.com/homedetails/5975-Teton-Way-Sandy-Springs-GA-30328/2095864383_zpid/
New Construction,5965 Teton Way,33.9315,-84.3761,Sandy Springs,GA,30328,"$899,000","4 bds , 4 ba , 3,492 sqft",BEACHAM AND COMPANY REALTORS,https://www.zillow.com/homedetails/5965-Teton-Way-Sandy-Springs-GA-30328/2095864379_zpid/
New Construction,616 Esfun Trce,33.923929,-84.367127,ATLANTA,GA,30328,"$950,000","5 bds , 5 ba , 3,900 sqft",,https://www.zillow.com/homedetails/616-Esfun-Trce-Atlanta-GA-30328/98007412_zpid/
House For Sale,6728 Brandon Mill Rd,33.939086,-84.387269,Sandy Springs,GA,30328,"$695,000","6 bds , 5 ba , 4,000 sqft",DRAKE REALTY OF GA INC,https://www.zillow.com/homedetails/6728-Brandon-Mill-Rd-Sandy-Springs-GA-30328/35904359_zpid/
House For Sale,345 Cameron Ridge Dr,33.912553,-84.429819,SANDY SPRINGS,GA,30328,"$720,000","6 bds , 5 ba , 3,852 sqft",RE/MAX Professionals,https://www.zillow.com/homedetails/345-Cameron-Ridge-Dr-Sandy-Springs-GA-30328/35919472_zpid/
New Construction,2022 Wheaton Way,33.914116,-84.383711,Sandy Springs,GA,30328,"$706,260","4 bds , 4 ba , 2,675 sqft",,https://www.zillow.com/homedetails/2022-Wheaton-Way-Sandy-Springs-GA-30328/2096478593_zpid/
New Construction,2018 Wheaton Way,33.914116,-84.383711,Sandy Springs,GA,30328,"$659,945","4 bds , 4 ba , 2,675 sqft",,https://www.zillow.com/homedetails/2018-Wheaton-Way-Sandy-Springs-GA-30328/2096478590_zpid/
House For Sale,390 Hammond Dr,33.919426,-84.374495,ATLANTA,GA,30328,"$550,000","3 bds , 2 ba , 1,299 sqft",Realty Experts LLC,https://www.zillow.com/homedetails/390-Hammond-Dr-Atlanta-GA-30328/35936133_zpid/
Condo For Sale,795 Drive # 1707,33.9187,-84.359,Atlanta,GA,30328,"$240,000","2 bds , 2 ba , 1,106 sqft",,https://www.zillow.com/homedetails/795-Drive-1707-Atlanta-GA-30328/55017862_zpid/
House For Sale,1295 Heards Ferry Rd,33.918966,-84.432926,SANDY SPRINGS,GA,30328,"$2,995,000","6 bds , 9 ba , 7,085 sqft",Atlanta Fine Homes Sotheby's International Realty,https://www.zillow.com/homedetails/1295-Heards-Ferry-Rd-Sandy-Springs-GA-30328/35919519_zpid/
